<application>
  <component name="FileTypeManager" version="19">
    <extensionMap>
      <mapping ext="lgt" type="Logtalk resource" />
      <mapping ext="pl" type="Prolog resource" />
      <removed_mapping ext="bash" approved="true" type="Shell Script" />
      <removed_mapping ext="csv" approved="true" type="CSV/TSV" />
      <removed_mapping ext="log" approved="true" type="PLAIN_TEXT" />
      <removed_mapping ext="sh" approved="true" type="Shell Script" />
      <removed_mapping ext="tsv" approved="true" type="CSV/TSV" />
      <removed_mapping ext="zsh" approved="true" type="Shell Script" />
    </extensionMap>
  </component>
</application>