<application>
  <component name="GeneralSettings">
    <option name="confirmExit" value="false" />
    <option name="confirmOpenNewProject2" value="-1" />
  </component>
  <component name="Registry">
    <entry key="moved.to.new.ui" value="true" source="SYSTEM" />
    <entry key="ide.experimental.ui" value="true" source="SYSTEM" />
    <entry key="async.project.view.collapse.tree.path.recursively" value="false" source="SYSTEM" />
    <entry key="ide.tree.collapse.recursively" value="false" source="SYSTEM" />
  </component>
</application>