<application>
  <component name="Trusted.Paths">
    <option name="TRUSTED_PROJECT_PATHS">
      <map>
        <entry key="C:\Users\vivem\Desktop\JOB\PROJECTS\test1" value="true" />
        <entry key="\\wsl.localhost\Ubuntu-24.04\home\freeman1306\JOB\PROJECTS" value="true" />
      </map>
    </option>
  </component>
  <component name="Trusted.Paths.Settings">
    <option name="TRUSTED_PATHS">
      <list>
        <option value="\\wsl.localhost\Ubuntu-24.04\home\freeman1306\JOB" />
      </list>
    </option>
  </component>
</application>