<application>
  <component name="UpdatesConfigurable">
    <option name="LAST_BUILD_CHECKED" value="WS-251.27812.50" />
    <option name="LAST_TIME_CHECKED" value="1754131968884" />
    <option name="OBSOLETE_CUSTOM_REPOSITORIES_CLEAN_NEEDED" value="false" />
    <pluginHosts>
      <item value="https://github.com/freeman1306/WEBSTORM-SETTINGS-PLUGINS-04-Aug-2021-" />
    </pluginHosts>
    <option name="THIRD_PARTY_PLUGINS_ALLOWED" value="true" />
    <option name="WHATS_NEW_SHOWN_FOR" value="251" />
  </component>
</application>