<application>
  <component name="DimensionService">
    <location key="REMOTE_DEVELOPMENT_CONNECTION.0.0.1920.1080@120dpi" x="451" y="74" />
    <size key="REMOTE_DEVELOPMENT_CONNECTION.0.0.1920.1080@120dpi" width="1018" height="873" />
  </component>
  <component name="WindowManager">
    <frame x="1026" y="61" width="1460" height="874" />
  </component>
  <component name="WindowStateApplicationService">
    <state x="549" y="127" key="FileChooserDialogImpl" timestamp="1754060628445">
      <screen x="0" y="0" width="1536" height="816" />
    </state>
    <state x="549" y="127" key="FileChooserDialogImpl/0.0.1536.816" timestamp="1754060628445" />
  </component>
</application>