<application>
  <component name="WslLocalRecentConnectionsManager">
    <option name="connections">
      <list>
        <LocalRecentConnectionState>
          <option name="configId" value="Ubuntu-24.04" />
          <option name="projects">
            <list>
              <RecentProjectState>
                <option name="date" value="1754062139380" />
                <option name="latestUsedIde">
                  <RecentProjectInstalledIde>
                    <option name="buildNumber" value="252.23892.361" />
                    <option name="pathToIde" value="/home/freeman1306/.cache/JetBrains/RemoteDev/dist/f4c9f8db4b042_WebStorm-252.23892.361" />
                    <option name="productCode" value="WS" />
                  </RecentProjectInstalledIde>
                </option>
                <option name="productCode" value="WS" />
                <option name="projectPath" value="/home/freeman1306/JOB" />
              </RecentProjectState>
            </list>
          </option>
        </LocalRecentConnectionState>
      </list>
    </option>
  </component>
</application>